2024-11-28 20:00:00,731,19.8,,,dwutlenek azotu
2024-11-28 19:00:00,731,29.5,,,dwutlenek azotu
2024-11-28 18:00:00,731,34.9,,,dwutlenek azotu
2024-11-28 17:00:00,731,32.7,,,dwutlenek azotu
2024-11-28 16:00:00,731,35.5,,,dwutlenek azotu
2024-11-28 15:00:00,731,36.2,,,dwutlenek azotu
2024-11-28 14:00:00,731,36.6,,,dwutlenek azotu
2024-11-28 13:00:00,731,36.5,,,dwutlenek azotu
2024-11-28 12:00:00,731,37.4,,,dwutlenek azotu
2024-11-28 11:00:00,731,31.3,,,dwutlenek azotu
2024-11-28 10:00:00,731,29.2,,,dwutlenek azotu
2024-11-28 09:00:00,731,21.7,,,dwutlenek azotu
2024-11-28 08:00:00,731,25.1,,,dwutlenek azotu
2024-11-28 07:00:00,731,15.5,,,dwutlenek azotu
2024-11-28 06:00:00,731,11.1,,,dwutlenek azotu
2024-11-28 05:00:00,731,11.9,,,dwutlenek azotu
2024-11-28 04:00:00,731,12.3,,,dwutlenek azotu
2024-11-28 03:00:00,731,18.4,,,dwutlenek azotu
2024-11-28 02:00:00,731,22.6,,,dwutlenek azotu
2024-11-28 01:00:00,731,31.4,,,dwutlenek azotu
2024-11-28 00:00:00,731,24.8,,,dwutlenek azotu
2024-11-27 23:00:00,731,25.0,,,dwutlenek azotu
2024-11-27 22:00:00,731,27.0,,,dwutlenek azotu
2024-11-27 21:00:00,731,37.2,,,dwutlenek azotu
2024-11-27 20:00:00,731,45.7,,,dwutlenek azotu
2024-11-27 19:00:00,731,31.7,,,dwutlenek azotu
2024-11-27 18:00:00,731,16.7,,,dwutlenek azotu
2024-11-27 17:00:00,731,26.0,,,dwutlenek azotu
2024-11-27 16:00:00,731,19.9,,,dwutlenek azotu
2024-11-27 15:00:00,731,13.1,,,dwutlenek azotu
2024-11-27 14:00:00,731,10.6,,,dwutlenek azotu
2024-11-27 13:00:00,731,10.1,,,dwutlenek azotu
2024-11-27 12:00:00,731,9.8,,,dwutlenek azotu
2024-11-27 11:00:00,731,11.4,,,dwutlenek azotu
2024-11-27 10:00:00,731,12.3,,,dwutlenek azotu
2024-11-27 09:00:00,731,30.4,,,dwutlenek azotu
2024-11-27 08:00:00,731,22.5,,,dwutlenek azotu
2024-11-27 07:00:00,731,13.9,,,dwutlenek azotu
2024-11-27 06:00:00,731,34.6,,,dwutlenek azotu
2024-11-27 05:00:00,731,23.8,,,dwutlenek azotu
2024-11-27 04:00:00,731,27.8,,,dwutlenek azotu
2024-11-27 03:00:00,731,7.3,,,dwutlenek azotu
2024-11-27 02:00:00,731,20.5,,,dwutlenek azotu
2024-11-27 01:00:00,731,35.6,,,dwutlenek azotu
2024-11-27 00:00:00,731,36.6,,,dwutlenek azotu
2024-11-26 23:00:00,731,39.1,,,dwutlenek azotu
2024-11-26 22:00:00,731,27.1,,,dwutlenek azotu
2024-11-26 21:00:00,731,31.2,,,dwutlenek azotu
2024-11-26 20:00:00,731,28.6,,,dwutlenek azotu
2024-11-26 19:00:00,731,33.3,,,dwutlenek azotu
2024-11-26 18:00:00,731,38.5,,,dwutlenek azotu
2024-11-26 17:00:00,731,31.3,,,dwutlenek azotu
2024-11-26 16:00:00,731,28.8,,,dwutlenek azotu
2024-11-26 15:00:00,731,21.5,,,dwutlenek azotu
2024-11-26 14:00:00,731,39.6,,,dwutlenek azotu
2024-11-26 13:00:00,731,43.1,,,dwutlenek azotu
2024-11-26 12:00:00,731,41.8,,,dwutlenek azotu
2024-11-26 11:00:00,731,39.4,,,dwutlenek azotu
2024-11-26 10:00:00,731,27.7,,,dwutlenek azotu
2024-11-26 09:00:00,731,23.4,,,dwutlenek azotu
2024-11-26 08:00:00,731,17.6,,,dwutlenek azotu
2024-11-26 07:00:00,731,22.8,,,dwutlenek azotu
2024-11-26 06:00:00,731,31.7,,,dwutlenek azotu
2024-11-26 05:00:00,731,22.6,,,dwutlenek azotu
2024-11-26 04:00:00,731,21.2,,,dwutlenek azotu
2024-11-26 03:00:00,731,,,,dwutlenek azotu
2024-11-26 02:00:00,731,22.4,,,dwutlenek azotu
2024-11-26 01:00:00,731,18.7,,,dwutlenek azotu
2024-11-26 00:00:00,731,19.3,,,dwutlenek azotu
2024-11-28 20:00:00,731,11.4,,,pył zawieszony PM10
2024-11-28 19:00:00,731,17.9,,,pył zawieszony PM10
2024-11-28 18:00:00,731,20.7,,,pył zawieszony PM10
2024-11-28 17:00:00,731,22.9,,,pył zawieszony PM10
2024-11-28 16:00:00,731,29.4,,,pył zawieszony PM10
2024-11-28 15:00:00,731,30.6,,,pył zawieszony PM10
2024-11-28 14:00:00,731,26.0,,,pył zawieszony PM10
2024-11-28 13:00:00,731,25.6,,,pył zawieszony PM10
2024-11-28 12:00:00,731,23.2,,,pył zawieszony PM10
2024-11-28 11:00:00,731,21.1,,,pył zawieszony PM10
2024-11-28 10:00:00,731,23.8,,,pył zawieszony PM10
2024-11-28 09:00:00,731,26.7,,,pył zawieszony PM10
2024-11-28 08:00:00,731,26.7,,,pył zawieszony PM10
2024-11-28 07:00:00,731,20.0,,,pył zawieszony PM10
2024-11-28 06:00:00,731,19.4,,,pył zawieszony PM10
2024-11-28 05:00:00,731,18.8,,,pył zawieszony PM10
2024-11-28 04:00:00,731,19.2,,,pył zawieszony PM10
2024-11-28 03:00:00,731,19.9,,,pył zawieszony PM10
2024-11-28 02:00:00,731,21.8,,,pył zawieszony PM10
2024-11-28 01:00:00,731,21.8,,,pył zawieszony PM10
2024-11-28 00:00:00,731,22.3,,,pył zawieszony PM10
2024-11-27 23:00:00,731,21.0,,,pył zawieszony PM10
2024-11-27 22:00:00,731,20.3,,,pył zawieszony PM10
2024-11-27 21:00:00,731,27.1,,,pył zawieszony PM10
2024-11-27 20:00:00,731,31.1,,,pył zawieszony PM10
2024-11-27 19:00:00,731,24.2,,,pył zawieszony PM10
2024-11-27 18:00:00,731,13.2,,,pył zawieszony PM10
2024-11-27 17:00:00,731,17.6,,,pył zawieszony PM10
2024-11-27 16:00:00,731,15.9,,,pył zawieszony PM10
2024-11-27 15:00:00,731,14.3,,,pył zawieszony PM10
2024-11-27 14:00:00,731,13.3,,,pył zawieszony PM10
2024-11-27 13:00:00,731,13.3,,,pył zawieszony PM10
2024-11-27 12:00:00,731,11.5,,,pył zawieszony PM10
2024-11-27 11:00:00,731,12.0,,,pył zawieszony PM10
2024-11-27 10:00:00,731,11.6,,,pył zawieszony PM10
2024-11-27 09:00:00,731,13.0,,,pył zawieszony PM10
2024-11-27 08:00:00,731,11.9,,,pył zawieszony PM10
2024-11-27 07:00:00,731,10.6,,,pył zawieszony PM10
2024-11-27 06:00:00,731,15.0,,,pył zawieszony PM10
2024-11-27 05:00:00,731,15.4,,,pył zawieszony PM10
2024-11-27 04:00:00,731,22.2,,,pył zawieszony PM10
2024-11-27 03:00:00,731,13.7,,,pył zawieszony PM10
2024-11-27 02:00:00,731,20.0,,,pył zawieszony PM10
2024-11-27 01:00:00,731,24.8,,,pył zawieszony PM10
2024-11-27 00:00:00,731,27.1,,,pył zawieszony PM10
2024-11-26 23:00:00,731,39.5,,,pył zawieszony PM10
2024-11-26 22:00:00,731,25.4,,,pył zawieszony PM10
2024-11-26 21:00:00,731,19.1,,,pył zawieszony PM10
2024-11-26 20:00:00,731,19.6,,,pył zawieszony PM10
2024-11-26 19:00:00,731,19.7,,,pył zawieszony PM10
2024-11-26 18:00:00,731,15.6,,,pył zawieszony PM10
2024-11-26 17:00:00,731,16.3,,,pył zawieszony PM10
2024-11-26 16:00:00,731,13.4,,,pył zawieszony PM10
2024-11-26 15:00:00,731,11.2,,,pył zawieszony PM10
2024-11-26 14:00:00,731,26.2,,,pył zawieszony PM10
2024-11-26 13:00:00,731,23.8,,,pył zawieszony PM10
2024-11-26 12:00:00,731,22.8,,,pył zawieszony PM10
2024-11-26 11:00:00,731,24.3,,,pył zawieszony PM10
2024-11-26 10:00:00,731,15.9,,,pył zawieszony PM10
2024-11-26 09:00:00,731,13.1,,,pył zawieszony PM10
2024-11-26 08:00:00,731,12.7,,,pył zawieszony PM10
2024-11-26 07:00:00,731,14.5,,,pył zawieszony PM10
2024-11-26 06:00:00,731,15.6,,,pył zawieszony PM10
2024-11-26 05:00:00,731,15.2,,,pył zawieszony PM10
2024-11-26 04:00:00,731,14.8,,,pył zawieszony PM10
2024-11-26 03:00:00,731,16.4,,,pył zawieszony PM10
2024-11-26 02:00:00,731,15.0,,,pył zawieszony PM10
2024-11-26 01:00:00,731,15.0,,,pył zawieszony PM10
2024-11-26 00:00:00,731,14.4,,,pył zawieszony PM10
2024-11-28 20:00:00,731,3.3,,,dwutlenek siarki
2024-11-28 19:00:00,731,3.3,,,dwutlenek siarki
2024-11-28 18:00:00,731,3.3,,,dwutlenek siarki
2024-11-28 17:00:00,731,2.9,,,dwutlenek siarki
2024-11-28 16:00:00,731,4.0,,,dwutlenek siarki
2024-11-28 15:00:00,731,3.6,,,dwutlenek siarki
2024-11-28 14:00:00,731,3.6,,,dwutlenek siarki
2024-11-28 13:00:00,731,3.6,,,dwutlenek siarki
2024-11-28 12:00:00,731,3.7,,,dwutlenek siarki
2024-11-28 11:00:00,731,3.3,,,dwutlenek siarki
2024-11-28 10:00:00,731,3.3,,,dwutlenek siarki
2024-11-28 09:00:00,731,2.8,,,dwutlenek siarki
2024-11-28 08:00:00,731,3.1,,,dwutlenek siarki
2024-11-28 07:00:00,731,3.1,,,dwutlenek siarki
2024-11-28 06:00:00,731,2.7,,,dwutlenek siarki
2024-11-28 05:00:00,731,3.3,,,dwutlenek siarki
2024-11-28 04:00:00,731,2.9,,,dwutlenek siarki
2024-11-28 03:00:00,731,3.1,,,dwutlenek siarki
2024-11-28 02:00:00,731,3.3,,,dwutlenek siarki
2024-11-28 01:00:00,731,2.9,,,dwutlenek siarki
2024-11-28 00:00:00,731,3.4,,,dwutlenek siarki
2024-11-27 23:00:00,731,3.0,,,dwutlenek siarki
2024-11-27 22:00:00,731,3.1,,,dwutlenek siarki
2024-11-27 21:00:00,731,3.1,,,dwutlenek siarki
2024-11-27 20:00:00,731,3.3,,,dwutlenek siarki
2024-11-27 19:00:00,731,3.5,,,dwutlenek siarki
2024-11-27 18:00:00,731,2.8,,,dwutlenek siarki
2024-11-27 17:00:00,731,3.2,,,dwutlenek siarki
2024-11-27 16:00:00,731,3.3,,,dwutlenek siarki
2024-11-27 15:00:00,731,2.8,,,dwutlenek siarki
2024-11-27 14:00:00,731,3.0,,,dwutlenek siarki
2024-11-27 13:00:00,731,3.0,,,dwutlenek siarki
2024-11-27 12:00:00,731,3.1,,,dwutlenek siarki
2024-11-27 11:00:00,731,3.0,,,dwutlenek siarki
2024-11-27 10:00:00,731,3.2,,,dwutlenek siarki
2024-11-27 09:00:00,731,3.3,,,dwutlenek siarki
2024-11-27 08:00:00,731,3.4,,,dwutlenek siarki
2024-11-27 07:00:00,731,2.6,,,dwutlenek siarki
2024-11-27 06:00:00,731,3.8,,,dwutlenek siarki
2024-11-27 05:00:00,731,3.2,,,dwutlenek siarki
2024-11-27 04:00:00,731,3.4,,,dwutlenek siarki
2024-11-27 03:00:00,731,2.8,,,dwutlenek siarki
2024-11-27 02:00:00,731,2.7,,,dwutlenek siarki
2024-11-27 01:00:00,731,3.0,,,dwutlenek siarki
2024-11-27 00:00:00,731,3.2,,,dwutlenek siarki
2024-11-26 23:00:00,731,3.8,,,dwutlenek siarki
2024-11-26 22:00:00,731,2.5,,,dwutlenek siarki
2024-11-26 21:00:00,731,3.2,,,dwutlenek siarki
2024-11-26 20:00:00,731,3.7,,,dwutlenek siarki
2024-11-26 19:00:00,731,3.2,,,dwutlenek siarki
2024-11-26 18:00:00,731,3.5,,,dwutlenek siarki
2024-11-26 17:00:00,731,3.5,,,dwutlenek siarki
2024-11-26 16:00:00,731,3.5,,,dwutlenek siarki
2024-11-26 15:00:00,731,3.0,,,dwutlenek siarki
2024-11-26 14:00:00,731,4.1,,,dwutlenek siarki
2024-11-26 13:00:00,731,4.3,,,dwutlenek siarki
2024-11-26 12:00:00,731,4.2,,,dwutlenek siarki
2024-11-26 11:00:00,731,3.9,,,dwutlenek siarki
2024-11-26 10:00:00,731,3.7,,,dwutlenek siarki
2024-11-26 09:00:00,731,3.6,,,dwutlenek siarki
2024-11-26 08:00:00,731,3.6,,,dwutlenek siarki
2024-11-26 07:00:00,731,3.7,,,dwutlenek siarki
2024-11-26 06:00:00,731,4.0,,,dwutlenek siarki
2024-11-26 05:00:00,731,4.1,,,dwutlenek siarki
2024-11-26 04:00:00,731,4.7,,,dwutlenek siarki
2024-11-26 03:00:00,731,,,,dwutlenek siarki
2024-11-26 02:00:00,731,3.9,,,dwutlenek siarki
2024-11-26 01:00:00,731,3.7,,,dwutlenek siarki
2024-11-26 00:00:00,731,4.3,,,dwutlenek siarki
2024-11-28 20:00:00,731,11.3,,,pył zawieszony PM2.5
2024-11-28 19:00:00,731,17.5,,,pył zawieszony PM2.5
2024-11-28 18:00:00,731,20.5,,,pył zawieszony PM2.5
2024-11-28 17:00:00,731,22.1,,,pył zawieszony PM2.5
2024-11-28 16:00:00,731,24.1,,,pył zawieszony PM2.5
2024-11-28 15:00:00,731,24.1,,,pył zawieszony PM2.5
2024-11-28 14:00:00,731,23.6,,,pył zawieszony PM2.5
2024-11-28 13:00:00,731,24.5,,,pył zawieszony PM2.5
2024-11-28 12:00:00,731,22.9,,,pył zawieszony PM2.5
2024-11-28 11:00:00,731,21.0,,,pył zawieszony PM2.5
2024-11-28 10:00:00,731,23.7,,,pył zawieszony PM2.5
2024-11-28 09:00:00,731,26.6,,,pył zawieszony PM2.5
2024-11-28 08:00:00,731,26.6,,,pył zawieszony PM2.5
2024-11-28 07:00:00,731,19.8,,,pył zawieszony PM2.5
2024-11-28 06:00:00,731,19.3,,,pył zawieszony PM2.5
2024-11-28 05:00:00,731,18.5,,,pył zawieszony PM2.5
2024-11-28 04:00:00,731,18.9,,,pył zawieszony PM2.5
2024-11-28 03:00:00,731,19.1,,,pył zawieszony PM2.5
2024-11-28 02:00:00,731,21.1,,,pył zawieszony PM2.5
2024-11-28 01:00:00,731,21.3,,,pył zawieszony PM2.5
2024-11-28 00:00:00,731,20.5,,,pył zawieszony PM2.5
2024-11-27 23:00:00,731,18.6,,,pył zawieszony PM2.5
2024-11-27 22:00:00,731,18.0,,,pył zawieszony PM2.5
2024-11-27 21:00:00,731,20.6,,,pył zawieszony PM2.5
2024-11-27 20:00:00,731,22.8,,,pył zawieszony PM2.5
2024-11-27 19:00:00,731,21.4,,,pył zawieszony PM2.5
2024-11-27 18:00:00,731,12.6,,,pył zawieszony PM2.5
2024-11-27 17:00:00,731,16.3,,,pył zawieszony PM2.5
2024-11-27 16:00:00,731,14.7,,,pył zawieszony PM2.5
2024-11-27 15:00:00,731,13.6,,,pył zawieszony PM2.5
2024-11-27 14:00:00,731,12.9,,,pył zawieszony PM2.5
2024-11-27 13:00:00,731,13.0,,,pył zawieszony PM2.5
2024-11-27 12:00:00,731,11.4,,,pył zawieszony PM2.5
2024-11-27 11:00:00,731,11.7,,,pył zawieszony PM2.5
2024-11-27 10:00:00,731,11.2,,,pył zawieszony PM2.5
2024-11-27 09:00:00,731,12.8,,,pył zawieszony PM2.5
2024-11-27 08:00:00,731,11.7,,,pył zawieszony PM2.5
2024-11-27 07:00:00,731,10.6,,,pył zawieszony PM2.5
2024-11-27 06:00:00,731,13.4,,,pył zawieszony PM2.5
2024-11-27 05:00:00,731,13.9,,,pył zawieszony PM2.5
2024-11-27 04:00:00,731,16.7,,,pył zawieszony PM2.5
2024-11-27 03:00:00,731,13.5,,,pył zawieszony PM2.5
2024-11-27 02:00:00,731,18.2,,,pył zawieszony PM2.5
2024-11-27 01:00:00,731,22.1,,,pył zawieszony PM2.5
2024-11-27 00:00:00,731,24.9,,,pył zawieszony PM2.5
2024-11-26 23:00:00,731,32.7,,,pył zawieszony PM2.5
2024-11-26 22:00:00,731,24.1,,,pył zawieszony PM2.5
2024-11-26 21:00:00,731,18.4,,,pył zawieszony PM2.5
2024-11-26 20:00:00,731,18.9,,,pył zawieszony PM2.5
2024-11-26 19:00:00,731,19.2,,,pył zawieszony PM2.5
2024-11-26 18:00:00,731,14.6,,,pył zawieszony PM2.5
2024-11-26 17:00:00,731,15.7,,,pył zawieszony PM2.5
2024-11-26 16:00:00,731,12.5,,,pył zawieszony PM2.5
2024-11-26 15:00:00,731,10.6,,,pył zawieszony PM2.5
2024-11-26 14:00:00,731,22.5,,,pył zawieszony PM2.5
2024-11-26 13:00:00,731,22.4,,,pył zawieszony PM2.5
2024-11-26 12:00:00,731,21.6,,,pył zawieszony PM2.5
2024-11-26 11:00:00,731,23.0,,,pył zawieszony PM2.5
2024-11-26 10:00:00,731,15.1,,,pył zawieszony PM2.5
2024-11-26 09:00:00,731,12.4,,,pył zawieszony PM2.5
2024-11-26 08:00:00,731,12.4,,,pył zawieszony PM2.5
2024-11-26 07:00:00,731,13.9,,,pył zawieszony PM2.5
2024-11-26 06:00:00,731,14.5,,,pył zawieszony PM2.5
2024-11-26 05:00:00,731,14.4,,,pył zawieszony PM2.5
2024-11-26 04:00:00,731,13.8,,,pył zawieszony PM2.5
2024-11-26 03:00:00,731,14.3,,,pył zawieszony PM2.5
2024-11-26 02:00:00,731,13.1,,,pył zawieszony PM2.5
2024-11-26 01:00:00,731,13.5,,,pył zawieszony PM2.5
2024-11-26 00:00:00,731,13.0,,,pył zawieszony PM2.5
2024-11-28 20:00:00,736,542.0,,,tlenek węgla
2024-11-28 19:00:00,736,635.0,,,tlenek węgla
2024-11-28 18:00:00,736,730.0,,,tlenek węgla
2024-11-28 17:00:00,736,768.0,,,tlenek węgla
2024-11-28 16:00:00,736,724.0,,,tlenek węgla
2024-11-28 15:00:00,736,655.0,,,tlenek węgla
2024-11-28 14:00:00,736,575.0,,,tlenek węgla
2024-11-28 13:00:00,736,597.0,,,tlenek węgla
2024-11-28 12:00:00,736,571.0,,,tlenek węgla
2024-11-28 11:00:00,736,552.0,,,tlenek węgla
2024-11-28 10:00:00,736,557.0,,,tlenek węgla
2024-11-28 09:00:00,736,555.0,,,tlenek węgla
2024-11-28 08:00:00,736,515.0,,,tlenek węgla
2024-11-28 07:00:00,736,441.0,,,tlenek węgla
2024-11-28 06:00:00,736,418.0,,,tlenek węgla
2024-11-28 05:00:00,736,401.0,,,tlenek węgla
2024-11-28 04:00:00,736,404.0,,,tlenek węgla
2024-11-28 03:00:00,736,402.0,,,tlenek węgla
2024-11-28 02:00:00,736,409.0,,,tlenek węgla
2024-11-28 01:00:00,736,431.0,,,tlenek węgla
2024-11-28 00:00:00,736,421.0,,,tlenek węgla
2024-11-27 23:00:00,736,410.0,,,tlenek węgla
2024-11-27 22:00:00,736,426.0,,,tlenek węgla
2024-11-27 21:00:00,736,451.0,,,tlenek węgla
2024-11-27 20:00:00,736,481.0,,,tlenek węgla
2024-11-27 19:00:00,736,484.0,,,tlenek węgla
2024-11-27 18:00:00,736,450.0,,,tlenek węgla
2024-11-27 17:00:00,736,464.0,,,tlenek węgla
2024-11-27 16:00:00,736,494.0,,,tlenek węgla
2024-11-27 15:00:00,736,439.0,,,tlenek węgla
2024-11-27 14:00:00,736,424.0,,,tlenek węgla
2024-11-27 13:00:00,736,434.0,,,tlenek węgla
2024-11-27 12:00:00,736,408.0,,,tlenek węgla
2024-11-27 11:00:00,736,398.0,,,tlenek węgla
2024-11-27 10:00:00,736,394.0,,,tlenek węgla
2024-11-27 09:00:00,736,503.0,,,tlenek węgla
2024-11-27 08:00:00,736,486.0,,,tlenek węgla
2024-11-27 07:00:00,736,413.0,,,tlenek węgla
2024-11-27 06:00:00,736,405.0,,,tlenek węgla
2024-11-27 05:00:00,736,397.0,,,tlenek węgla
2024-11-27 04:00:00,736,395.0,,,tlenek węgla
2024-11-27 03:00:00,736,383.0,,,tlenek węgla
2024-11-27 02:00:00,736,424.0,,,tlenek węgla
2024-11-27 01:00:00,736,505.0,,,tlenek węgla
2024-11-27 00:00:00,736,568.0,,,tlenek węgla
2024-11-26 23:00:00,736,660.0,,,tlenek węgla
2024-11-26 22:00:00,736,656.0,,,tlenek węgla
2024-11-26 21:00:00,736,610.0,,,tlenek węgla
2024-11-26 20:00:00,736,604.0,,,tlenek węgla
2024-11-26 19:00:00,736,622.0,,,tlenek węgla
2024-11-26 18:00:00,736,575.0,,,tlenek węgla
2024-11-26 17:00:00,736,611.0,,,tlenek węgla
2024-11-26 16:00:00,736,583.0,,,tlenek węgla
2024-11-26 15:00:00,736,536.0,,,tlenek węgla
2024-11-26 14:00:00,736,536.0,,,tlenek węgla
2024-11-26 13:00:00,736,700.0,,,tlenek węgla
2024-11-26 12:00:00,736,903.0,,,tlenek węgla
2024-11-26 11:00:00,736,734.0,,,tlenek węgla
2024-11-26 10:00:00,736,687.0,,,tlenek węgla
2024-11-26 09:00:00,736,543.0,,,tlenek węgla
2024-11-26 08:00:00,736,499.0,,,tlenek węgla
2024-11-26 07:00:00,736,473.0,,,tlenek węgla
2024-11-26 06:00:00,736,476.0,,,tlenek węgla
2024-11-26 05:00:00,736,454.0,,,tlenek węgla
2024-11-26 04:00:00,736,449.0,,,tlenek węgla
2024-11-26 03:00:00,736,449.0,,,tlenek węgla
2024-11-26 02:00:00,736,445.0,,,tlenek węgla
2024-11-26 01:00:00,736,446.0,,,tlenek węgla
2024-11-26 00:00:00,736,449.0,,,tlenek węgla
2024-11-28 20:00:00,736,25.6,,,dwutlenek azotu
2024-11-28 19:00:00,736,36.5,,,dwutlenek azotu
2024-11-28 18:00:00,736,35.8,,,dwutlenek azotu
2024-11-28 17:00:00,736,34.7,,,dwutlenek azotu
2024-11-28 16:00:00,736,33.1,,,dwutlenek azotu
2024-11-28 15:00:00,736,32.9,,,dwutlenek azotu
2024-11-28 14:00:00,736,28.2,,,dwutlenek azotu
2024-11-28 13:00:00,736,29.3,,,dwutlenek azotu
2024-11-28 12:00:00,736,26.7,,,dwutlenek azotu
2024-11-28 11:00:00,736,24.1,,,dwutlenek azotu
2024-11-28 10:00:00,736,24.4,,,dwutlenek azotu
2024-11-28 09:00:00,736,24.2,,,dwutlenek azotu
2024-11-28 08:00:00,736,21.4,,,dwutlenek azotu
2024-11-28 07:00:00,736,15.6,,,dwutlenek azotu
2024-11-28 06:00:00,736,11.3,,,dwutlenek azotu
2024-11-28 05:00:00,736,7.2,,,dwutlenek azotu
2024-11-28 04:00:00,736,6.8,,,dwutlenek azotu
2024-11-28 03:00:00,736,7.2,,,dwutlenek azotu
2024-11-28 02:00:00,736,7.8,,,dwutlenek azotu
2024-11-28 01:00:00,736,10.5,,,dwutlenek azotu
2024-11-28 00:00:00,736,11.9,,,dwutlenek azotu
2024-11-27 23:00:00,736,12.5,,,dwutlenek azotu
2024-11-27 22:00:00,736,18.5,,,dwutlenek azotu
2024-11-27 21:00:00,736,18.8,,,dwutlenek azotu
2024-11-27 20:00:00,736,29.7,,,dwutlenek azotu
2024-11-27 19:00:00,736,31.4,,,dwutlenek azotu
2024-11-27 18:00:00,736,25.8,,,dwutlenek azotu
2024-11-27 17:00:00,736,28.1,,,dwutlenek azotu
2024-11-27 16:00:00,736,28.5,,,dwutlenek azotu
2024-11-27 15:00:00,736,19.9,,,dwutlenek azotu
2024-11-27 14:00:00,736,16.9,,,dwutlenek azotu
2024-11-27 13:00:00,736,45.9,,,dwutlenek azotu
2024-11-27 12:00:00,736,33.7,,,dwutlenek azotu
2024-11-27 11:00:00,736,13.3,,,dwutlenek azotu
2024-11-27 10:00:00,736,14.7,,,dwutlenek azotu
2024-11-27 09:00:00,736,33.3,,,dwutlenek azotu
2024-11-27 08:00:00,736,30.1,,,dwutlenek azotu
2024-11-27 07:00:00,736,15.4,,,dwutlenek azotu
2024-11-27 06:00:00,736,14.5,,,dwutlenek azotu
2024-11-27 05:00:00,736,16.1,,,dwutlenek azotu
2024-11-27 04:00:00,736,10.1,,,dwutlenek azotu
2024-11-27 03:00:00,736,6.5,,,dwutlenek azotu
2024-11-27 02:00:00,736,9.3,,,dwutlenek azotu
2024-11-27 01:00:00,736,19.1,,,dwutlenek azotu
2024-11-27 00:00:00,736,29.7,,,dwutlenek azotu
2024-11-26 23:00:00,736,37.1,,,dwutlenek azotu
2024-11-26 22:00:00,736,39.1,,,dwutlenek azotu
2024-11-26 21:00:00,736,36.7,,,dwutlenek azotu
2024-11-26 20:00:00,736,38.2,,,dwutlenek azotu
2024-11-26 19:00:00,736,38.4,,,dwutlenek azotu
2024-11-26 18:00:00,736,39.8,,,dwutlenek azotu
2024-11-26 17:00:00,736,43.4,,,dwutlenek azotu
2024-11-26 16:00:00,736,39.9,,,dwutlenek azotu
2024-11-26 15:00:00,736,36.8,,,dwutlenek azotu
2024-11-26 14:00:00,736,32.8,,,dwutlenek azotu
2024-11-26 13:00:00,736,40.1,,,dwutlenek azotu
2024-11-26 12:00:00,736,43.0,,,dwutlenek azotu
2024-11-26 11:00:00,736,42.1,,,dwutlenek azotu
2024-11-26 10:00:00,736,34.4,,,dwutlenek azotu
2024-11-26 09:00:00,736,30.3,,,dwutlenek azotu
2024-11-26 08:00:00,736,22.6,,,dwutlenek azotu
2024-11-26 07:00:00,736,18.5,,,dwutlenek azotu
2024-11-26 06:00:00,736,16.5,,,dwutlenek azotu
2024-11-26 05:00:00,736,15.4,,,dwutlenek azotu
2024-11-26 04:00:00,736,11.7,,,dwutlenek azotu
2024-11-26 03:00:00,736,12.4,,,dwutlenek azotu
2024-11-26 02:00:00,736,11.2,,,dwutlenek azotu
2024-11-26 01:00:00,736,9.7,,,dwutlenek azotu
2024-11-26 00:00:00,736,10.8,,,dwutlenek azotu
2024-11-28 20:00:00,736,15.9,,,ozon
2024-11-28 19:00:00,736,5.3,,,ozon
2024-11-28 18:00:00,736,4.0,,,ozon
2024-11-28 17:00:00,736,5.0,,,ozon
2024-11-28 16:00:00,736,4.8,,,ozon
2024-11-28 15:00:00,736,5.7,,,ozon
2024-11-28 14:00:00,736,13.4,,,ozon
2024-11-28 13:00:00,736,11.8,,,ozon
2024-11-28 12:00:00,736,14.1,,,ozon
2024-11-28 11:00:00,736,16.7,,,ozon
2024-11-28 10:00:00,736,16.5,,,ozon
2024-11-28 09:00:00,736,16.2,,,ozon
2024-11-28 08:00:00,736,18.1,,,ozon
2024-11-28 07:00:00,736,27.9,,,ozon
2024-11-28 06:00:00,736,32.9,,,ozon
2024-11-28 05:00:00,736,37.7,,,ozon
2024-11-28 04:00:00,736,39.8,,,ozon
2024-11-28 03:00:00,736,43.6,,,ozon
2024-11-28 02:00:00,736,45.2,,,ozon
2024-11-28 01:00:00,736,41.4,,,ozon
2024-11-28 00:00:00,736,44.2,,,ozon
2024-11-27 23:00:00,736,51.6,,,ozon
2024-11-27 22:00:00,736,46.6,,,ozon
2024-11-27 21:00:00,736,43.2,,,ozon
2024-11-27 20:00:00,736,32.7,,,ozon
2024-11-27 19:00:00,736,38.4,,,ozon
2024-11-27 18:00:00,736,43.5,,,ozon
2024-11-27 17:00:00,736,38.3,,,ozon
2024-11-27 16:00:00,736,32.4,,,ozon
2024-11-27 15:00:00,736,38.9,,,ozon
2024-11-27 14:00:00,736,37.3,,,ozon
2024-11-27 13:00:00,736,20.0,,,ozon
2024-11-27 12:00:00,736,30.0,,,ozon
2024-11-27 11:00:00,736,45.8,,,ozon
2024-11-27 10:00:00,736,42.5,,,ozon
2024-11-27 09:00:00,736,18.2,,,ozon
2024-11-27 08:00:00,736,17.2,,,ozon
2024-11-27 07:00:00,736,32.0,,,ozon
2024-11-27 06:00:00,736,30.0,,,ozon
2024-11-27 05:00:00,736,25.9,,,ozon
2024-11-27 04:00:00,736,34.3,,,ozon
2024-11-27 03:00:00,736,41.8,,,ozon
2024-11-27 02:00:00,736,36.8,,,ozon
2024-11-27 01:00:00,736,26.0,,,ozon
2024-11-27 00:00:00,736,17.4,,,ozon
2024-11-26 23:00:00,736,7.9,,,ozon
2024-11-26 22:00:00,736,8.7,,,ozon
2024-11-26 21:00:00,736,13.3,,,ozon
2024-11-26 20:00:00,736,15.7,,,ozon
2024-11-26 19:00:00,736,18.1,,,ozon
2024-11-26 18:00:00,736,16.3,,,ozon
2024-11-26 17:00:00,736,14.7,,,ozon
2024-11-26 16:00:00,736,17.7,,,ozon
2024-11-26 15:00:00,736,22.9,,,ozon
2024-11-26 14:00:00,736,24.9,,,ozon
2024-11-26 13:00:00,736,14.8,,,ozon
2024-11-26 12:00:00,736,5.8,,,ozon
2024-11-26 11:00:00,736,6.1,,,ozon
2024-11-26 10:00:00,736,12.0,,,ozon
2024-11-26 09:00:00,736,14.2,,,ozon
2024-11-26 08:00:00,736,23.9,,,ozon
2024-11-26 07:00:00,736,29.7,,,ozon
2024-11-26 06:00:00,736,31.7,,,ozon
2024-11-26 05:00:00,736,33.1,,,ozon
2024-11-26 04:00:00,736,39.0,,,ozon
2024-11-26 03:00:00,736,39.7,,,ozon
2024-11-26 02:00:00,736,41.8,,,ozon
2024-11-26 01:00:00,736,46.6,,,ozon
2024-11-26 00:00:00,736,46.2,,,ozon
2024-11-28 20:00:00,736,24.4,,,pył zawieszony PM10
2024-11-28 19:00:00,736,30.6,,,pył zawieszony PM10
2024-11-28 18:00:00,736,30.9,,,pył zawieszony PM10
2024-11-28 17:00:00,736,35.7,,,pył zawieszony PM10
2024-11-28 16:00:00,736,34.3,,,pył zawieszony PM10
2024-11-28 15:00:00,736,32.6,,,pył zawieszony PM10
2024-11-28 14:00:00,736,31.5,,,pył zawieszony PM10
2024-11-28 13:00:00,736,27.5,,,pył zawieszony PM10
2024-11-28 12:00:00,736,27.5,,,pył zawieszony PM10
2024-11-28 11:00:00,736,26.9,,,pył zawieszony PM10
2024-11-28 10:00:00,736,30.8,,,pył zawieszony PM10
2024-11-28 09:00:00,736,34.8,,,pył zawieszony PM10
2024-11-28 08:00:00,736,34.6,,,pył zawieszony PM10
2024-11-28 07:00:00,736,25.0,,,pył zawieszony PM10
2024-11-28 06:00:00,736,23.8,,,pył zawieszony PM10
2024-11-28 05:00:00,736,23.0,,,pył zawieszony PM10
2024-11-28 04:00:00,736,23.1,,,pył zawieszony PM10
2024-11-28 03:00:00,736,22.7,,,pył zawieszony PM10
2024-11-28 02:00:00,736,23.3,,,pył zawieszony PM10
2024-11-28 01:00:00,736,24.3,,,pył zawieszony PM10
2024-11-28 00:00:00,736,21.4,,,pył zawieszony PM10
2024-11-27 23:00:00,736,18.7,,,pył zawieszony PM10
2024-11-27 22:00:00,736,17.8,,,pył zawieszony PM10
2024-11-27 21:00:00,736,19.0,,,pył zawieszony PM10
2024-11-27 20:00:00,736,22.2,,,pył zawieszony PM10
2024-11-27 19:00:00,736,19.5,,,pył zawieszony PM10
2024-11-27 18:00:00,736,19.7,,,pył zawieszony PM10
2024-11-27 17:00:00,736,20.1,,,pył zawieszony PM10
2024-11-27 16:00:00,736,22.2,,,pył zawieszony PM10
2024-11-27 15:00:00,736,20.4,,,pył zawieszony PM10
2024-11-27 14:00:00,736,20.0,,,pył zawieszony PM10
2024-11-27 13:00:00,736,17.3,,,pył zawieszony PM10
2024-11-27 12:00:00,736,16.5,,,pył zawieszony PM10
2024-11-27 11:00:00,736,15.6,,,pył zawieszony PM10
2024-11-27 10:00:00,736,15.8,,,pył zawieszony PM10
2024-11-27 09:00:00,736,17.2,,,pył zawieszony PM10
2024-11-27 08:00:00,736,15.7,,,pył zawieszony PM10
2024-11-27 07:00:00,736,13.7,,,pył zawieszony PM10
2024-11-27 06:00:00,736,14.2,,,pył zawieszony PM10
2024-11-27 05:00:00,736,15.9,,,pył zawieszony PM10
2024-11-27 04:00:00,736,16.5,,,pył zawieszony PM10
2024-11-27 03:00:00,736,15.9,,,pył zawieszony PM10
2024-11-27 02:00:00,736,18.9,,,pył zawieszony PM10
2024-11-27 01:00:00,736,22.6,,,pył zawieszony PM10
2024-11-27 00:00:00,736,23.9,,,pył zawieszony PM10
2024-11-26 23:00:00,736,26.3,,,pył zawieszony PM10
2024-11-26 22:00:00,736,28.4,,,pył zawieszony PM10
2024-11-26 21:00:00,736,26.7,,,pył zawieszony PM10
2024-11-26 20:00:00,736,25.3,,,pył zawieszony PM10
2024-11-26 19:00:00,736,28.8,,,pył zawieszony PM10
2024-11-26 18:00:00,736,22.3,,,pył zawieszony PM10
2024-11-26 17:00:00,736,21.4,,,pył zawieszony PM10
2024-11-26 16:00:00,736,19.0,,,pył zawieszony PM10
2024-11-26 15:00:00,736,16.4,,,pył zawieszony PM10
2024-11-26 14:00:00,736,17.8,,,pył zawieszony PM10
2024-11-26 13:00:00,736,24.9,,,pył zawieszony PM10
2024-11-26 12:00:00,736,29.4,,,pył zawieszony PM10
2024-11-26 11:00:00,736,25.3,,,pył zawieszony PM10
2024-11-26 10:00:00,736,19.6,,,pył zawieszony PM10
2024-11-26 09:00:00,736,19.3,,,pył zawieszony PM10
2024-11-26 08:00:00,736,20.1,,,pył zawieszony PM10
2024-11-26 07:00:00,736,19.6,,,pył zawieszony PM10
2024-11-26 06:00:00,736,20.5,,,pył zawieszony PM10
2024-11-26 05:00:00,736,20.0,,,pył zawieszony PM10
2024-11-26 04:00:00,736,19.7,,,pył zawieszony PM10
2024-11-26 03:00:00,736,19.4,,,pył zawieszony PM10
2024-11-26 02:00:00,736,19.0,,,pył zawieszony PM10
2024-11-26 01:00:00,736,18.5,,,pył zawieszony PM10
2024-11-26 00:00:00,736,18.0,,,pył zawieszony PM10
2024-11-28 20:00:00,736,24.1,,,pył zawieszony PM2.5
2024-11-28 19:00:00,736,30.0,,,pył zawieszony PM2.5
2024-11-28 18:00:00,736,30.3,,,pył zawieszony PM2.5
2024-11-28 17:00:00,736,35.1,,,pył zawieszony PM2.5
2024-11-28 16:00:00,736,33.5,,,pył zawieszony PM2.5
2024-11-28 15:00:00,736,31.6,,,pył zawieszony PM2.5
2024-11-28 14:00:00,736,30.7,,,pył zawieszony PM2.5
2024-11-28 13:00:00,736,27.0,,,pył zawieszony PM2.5
2024-11-28 12:00:00,736,26.9,,,pył zawieszony PM2.5
2024-11-28 11:00:00,736,26.7,,,pył zawieszony PM2.5
2024-11-28 10:00:00,736,30.5,,,pył zawieszony PM2.5
2024-11-28 09:00:00,736,34.5,,,pył zawieszony PM2.5
2024-11-28 08:00:00,736,34.3,,,pył zawieszony PM2.5
2024-11-28 07:00:00,736,24.7,,,pył zawieszony PM2.5
2024-11-28 06:00:00,736,23.5,,,pył zawieszony PM2.5
2024-11-28 05:00:00,736,22.5,,,pył zawieszony PM2.5
2024-11-28 04:00:00,736,22.6,,,pył zawieszony PM2.5
2024-11-28 03:00:00,736,22.3,,,pył zawieszony PM2.5
2024-11-28 02:00:00,736,23.0,,,pył zawieszony PM2.5
2024-11-28 01:00:00,736,23.8,,,pył zawieszony PM2.5
2024-11-28 00:00:00,736,20.8,,,pył zawieszony PM2.5
2024-11-27 23:00:00,736,18.1,,,pył zawieszony PM2.5
2024-11-27 22:00:00,736,17.0,,,pył zawieszony PM2.5
2024-11-27 21:00:00,736,18.1,,,pył zawieszony PM2.5
2024-11-27 20:00:00,736,20.9,,,pył zawieszony PM2.5
2024-11-27 19:00:00,736,16.2,,,pył zawieszony PM2.5
2024-11-27 18:00:00,736,16.3,,,pył zawieszony PM2.5
2024-11-27 17:00:00,736,17.6,,,pył zawieszony PM2.5
2024-11-27 16:00:00,736,19.2,,,pył zawieszony PM2.5
2024-11-27 15:00:00,736,17.6,,,pył zawieszony PM2.5
2024-11-27 14:00:00,736,17.7,,,pył zawieszony PM2.5
2024-11-27 13:00:00,736,16.0,,,pył zawieszony PM2.5
2024-11-27 12:00:00,736,15.8,,,pył zawieszony PM2.5
2024-11-27 11:00:00,736,15.2,,,pył zawieszony PM2.5
2024-11-27 10:00:00,736,15.3,,,pył zawieszony PM2.5
2024-11-27 09:00:00,736,16.6,,,pył zawieszony PM2.5
2024-11-27 08:00:00,736,15.1,,,pył zawieszony PM2.5
2024-11-27 07:00:00,736,13.3,,,pył zawieszony PM2.5
2024-11-27 06:00:00,736,14.0,,,pył zawieszony PM2.5
2024-11-27 05:00:00,736,15.7,,,pył zawieszony PM2.5
2024-11-27 04:00:00,736,16.1,,,pył zawieszony PM2.5
2024-11-27 03:00:00,736,15.6,,,pył zawieszony PM2.5
2024-11-27 02:00:00,736,18.6,,,pył zawieszony PM2.5
2024-11-27 01:00:00,736,22.2,,,pył zawieszony PM2.5
2024-11-27 00:00:00,736,23.5,,,pył zawieszony PM2.5
2024-11-26 23:00:00,736,25.8,,,pył zawieszony PM2.5
2024-11-26 22:00:00,736,28.0,,,pył zawieszony PM2.5
2024-11-26 21:00:00,736,26.0,,,pył zawieszony PM2.5
2024-11-26 20:00:00,736,24.1,,,pył zawieszony PM2.5
2024-11-26 19:00:00,736,27.6,,,pył zawieszony PM2.5
2024-11-26 18:00:00,736,20.9,,,pył zawieszony PM2.5
2024-11-26 17:00:00,736,19.8,,,pył zawieszony PM2.5
2024-11-26 16:00:00,736,17.4,,,pył zawieszony PM2.5
2024-11-26 15:00:00,736,14.9,,,pył zawieszony PM2.5
2024-11-26 14:00:00,736,16.1,,,pył zawieszony PM2.5
2024-11-26 13:00:00,736,22.8,,,pył zawieszony PM2.5
2024-11-26 12:00:00,736,27.0,,,pył zawieszony PM2.5
2024-11-26 11:00:00,736,24.3,,,pył zawieszony PM2.5
2024-11-26 10:00:00,736,18.5,,,pył zawieszony PM2.5
2024-11-26 09:00:00,736,18.1,,,pył zawieszony PM2.5
2024-11-26 08:00:00,736,18.6,,,pył zawieszony PM2.5
2024-11-26 07:00:00,736,18.0,,,pył zawieszony PM2.5
2024-11-26 06:00:00,736,18.8,,,pył zawieszony PM2.5
2024-11-26 05:00:00,736,18.3,,,pył zawieszony PM2.5
2024-11-26 04:00:00,736,18.0,,,pył zawieszony PM2.5
2024-11-26 03:00:00,736,17.5,,,pył zawieszony PM2.5
2024-11-26 02:00:00,736,16.8,,,pył zawieszony PM2.5
2024-11-26 01:00:00,736,16.1,,,pył zawieszony PM2.5
2024-11-26 00:00:00,736,15.8,,,pył zawieszony PM2.5
2024-11-28 20:00:00,736,4.2,,,dwutlenek siarki
2024-11-28 19:00:00,736,4.5,,,dwutlenek siarki
2024-11-28 18:00:00,736,4.3,,,dwutlenek siarki
2024-11-28 17:00:00,736,4.5,,,dwutlenek siarki
2024-11-28 16:00:00,736,4.4,,,dwutlenek siarki
2024-11-28 15:00:00,736,4.4,,,dwutlenek siarki
2024-11-28 14:00:00,736,4.4,,,dwutlenek siarki
2024-11-28 13:00:00,736,4.2,,,dwutlenek siarki
2024-11-28 12:00:00,736,4.2,,,dwutlenek siarki
2024-11-28 11:00:00,736,4.4,,,dwutlenek siarki
2024-11-28 10:00:00,736,4.4,,,dwutlenek siarki
2024-11-28 09:00:00,736,4.4,,,dwutlenek siarki
2024-11-28 08:00:00,736,4.5,,,dwutlenek siarki
2024-11-28 07:00:00,736,4.4,,,dwutlenek siarki
2024-11-28 06:00:00,736,4.4,,,dwutlenek siarki
2024-11-28 05:00:00,736,4.3,,,dwutlenek siarki
2024-11-28 04:00:00,736,4.6,,,dwutlenek siarki
2024-11-28 03:00:00,736,4.2,,,dwutlenek siarki
2024-11-28 02:00:00,736,4.4,,,dwutlenek siarki
2024-11-28 01:00:00,736,4.4,,,dwutlenek siarki
2024-11-28 00:00:00,736,4.2,,,dwutlenek siarki
2024-11-27 23:00:00,736,4.2,,,dwutlenek siarki
2024-11-27 22:00:00,736,4.2,,,dwutlenek siarki
2024-11-27 21:00:00,736,4.2,,,dwutlenek siarki
2024-11-27 20:00:00,736,4.4,,,dwutlenek siarki
2024-11-27 19:00:00,736,4.5,,,dwutlenek siarki
2024-11-27 18:00:00,736,4.6,,,dwutlenek siarki
2024-11-27 17:00:00,736,4.3,,,dwutlenek siarki
2024-11-27 16:00:00,736,4.8,,,dwutlenek siarki
2024-11-27 15:00:00,736,5.2,,,dwutlenek siarki
2024-11-27 14:00:00,736,4.9,,,dwutlenek siarki
2024-11-27 13:00:00,736,4.0,,,dwutlenek siarki
2024-11-27 12:00:00,736,3.8,,,dwutlenek siarki
2024-11-27 11:00:00,736,4.2,,,dwutlenek siarki
2024-11-27 10:00:00,736,4.4,,,dwutlenek siarki
2024-11-27 09:00:00,736,5.0,,,dwutlenek siarki
2024-11-27 08:00:00,736,4.7,,,dwutlenek siarki
2024-11-27 07:00:00,736,4.1,,,dwutlenek siarki
2024-11-27 06:00:00,736,4.6,,,dwutlenek siarki
2024-11-27 05:00:00,736,4.3,,,dwutlenek siarki
2024-11-27 04:00:00,736,4.5,,,dwutlenek siarki
2024-11-27 03:00:00,736,4.2,,,dwutlenek siarki
2024-11-27 02:00:00,736,4.8,,,dwutlenek siarki
2024-11-27 01:00:00,736,4.7,,,dwutlenek siarki
2024-11-27 00:00:00,736,4.7,,,dwutlenek siarki
2024-11-26 23:00:00,736,4.5,,,dwutlenek siarki
2024-11-26 22:00:00,736,5.1,,,dwutlenek siarki
2024-11-26 21:00:00,736,4.8,,,dwutlenek siarki
2024-11-26 20:00:00,736,5.1,,,dwutlenek siarki
2024-11-26 19:00:00,736,5.6,,,dwutlenek siarki
2024-11-26 18:00:00,736,4.5,,,dwutlenek siarki
2024-11-26 17:00:00,736,4.7,,,dwutlenek siarki
2024-11-26 16:00:00,736,4.3,,,dwutlenek siarki
2024-11-26 15:00:00,736,4.5,,,dwutlenek siarki
2024-11-26 14:00:00,736,4.3,,,dwutlenek siarki
2024-11-26 13:00:00,736,4.6,,,dwutlenek siarki
2024-11-26 12:00:00,736,5.1,,,dwutlenek siarki
2024-11-26 11:00:00,736,4.2,,,dwutlenek siarki
2024-11-26 10:00:00,736,4.3,,,dwutlenek siarki
2024-11-26 09:00:00,736,4.1,,,dwutlenek siarki
2024-11-26 08:00:00,736,4.8,,,dwutlenek siarki
2024-11-26 07:00:00,736,4.6,,,dwutlenek siarki
2024-11-26 06:00:00,736,4.6,,,dwutlenek siarki
2024-11-26 05:00:00,736,4.6,,,dwutlenek siarki
2024-11-26 04:00:00,736,4.7,,,dwutlenek siarki
2024-11-26 03:00:00,736,4.7,,,dwutlenek siarki
2024-11-26 02:00:00,736,4.7,,,dwutlenek siarki
2024-11-26 01:00:00,736,4.7,,,dwutlenek siarki
2024-11-26 00:00:00,736,4.7,,,dwutlenek siarki
2024-11-28 20:00:00,736,1.24,,,benzen
2024-11-28 19:00:00,736,1.47,,,benzen
2024-11-28 18:00:00,736,1.59,,,benzen
2024-11-28 17:00:00,736,1.6300000000000001,,,benzen
2024-11-28 16:00:00,736,1.2,,,benzen
2024-11-28 15:00:00,736,1.06,,,benzen
2024-11-28 14:00:00,736,1.04,,,benzen
2024-11-28 13:00:00,736,1.01,,,benzen
2024-11-28 12:00:00,736,1.0,,,benzen
2024-11-28 11:00:00,736,1.03,,,benzen
2024-11-28 10:00:00,736,1.1,,,benzen
2024-11-28 09:00:00,736,0.9400000000000001,,,benzen
2024-11-28 08:00:00,736,0.65,,,benzen
2024-11-28 07:00:00,736,0.48,,,benzen
2024-11-28 06:00:00,736,0.43,,,benzen
2024-11-28 05:00:00,736,0.45,,,benzen
2024-11-28 04:00:00,736,0.45,,,benzen
2024-11-28 03:00:00,736,0.5,,,benzen
2024-11-28 02:00:00,736,0.59,,,benzen
2024-11-28 01:00:00,736,0.56,,,benzen
2024-11-28 00:00:00,736,0.54,,,benzen
2024-11-27 23:00:00,736,0.46,,,benzen
2024-11-27 22:00:00,736,0.68,,,benzen
2024-11-27 21:00:00,736,0.71,,,benzen
2024-11-27 20:00:00,736,0.92,,,benzen
2024-11-27 19:00:00,736,0.64,,,benzen
2024-11-27 18:00:00,736,0.59,,,benzen
2024-11-27 17:00:00,736,0.67,,,benzen
2024-11-27 16:00:00,736,0.58,,,benzen
2024-11-27 15:00:00,736,0.38,,,benzen
2024-11-27 14:00:00,736,0.31,,,benzen
2024-11-27 13:00:00,736,0.34,,,benzen
2024-11-27 12:00:00,736,0.42,,,benzen
2024-11-27 11:00:00,736,0.39,,,benzen
2024-11-27 10:00:00,736,0.48,,,benzen
2024-11-27 09:00:00,736,0.8200000000000001,,,benzen
2024-11-27 08:00:00,736,0.44,,,benzen
2024-11-27 07:00:00,736,0.35000000000000003,,,benzen
2024-11-27 06:00:00,736,0.34,,,benzen
2024-11-27 05:00:00,736,0.52,,,benzen
2024-11-27 04:00:00,736,0.32,,,benzen
2024-11-27 03:00:00,736,0.39,,,benzen
2024-11-27 02:00:00,736,0.67,,,benzen
2024-11-27 01:00:00,736,0.85,,,benzen
2024-11-27 00:00:00,736,1.26,,,benzen
2024-11-26 23:00:00,736,1.41,,,benzen
2024-11-26 22:00:00,736,1.45,,,benzen
2024-11-26 21:00:00,736,1.3800000000000001,,,benzen
2024-11-26 20:00:00,736,1.5,,,benzen
2024-11-26 19:00:00,736,0.92,,,benzen
2024-11-26 18:00:00,736,0.97,,,benzen
2024-11-26 17:00:00,736,0.68,,,benzen
2024-11-26 16:00:00,736,0.59,,,benzen
2024-11-26 15:00:00,736,0.53,,,benzen
2024-11-26 14:00:00,736,0.72,,,benzen
2024-11-26 13:00:00,736,1.44,,,benzen
2024-11-26 12:00:00,736,1.57,,,benzen
2024-11-26 11:00:00,736,0.93,,,benzen
2024-11-26 10:00:00,736,0.65,,,benzen
2024-11-26 09:00:00,736,0.73,,,benzen
2024-11-26 08:00:00,736,0.77,,,benzen
2024-11-26 07:00:00,736,0.93,,,benzen
2024-11-26 06:00:00,736,0.85,,,benzen
2024-11-26 05:00:00,736,0.81,,,benzen
2024-11-26 04:00:00,736,0.78,,,benzen
2024-11-26 03:00:00,736,0.77,,,benzen
2024-11-26 02:00:00,736,0.75,,,benzen
2024-11-26 01:00:00,736,0.77,,,benzen
2024-11-26 00:00:00,736,0.86,,,benzen
2024-11-28 20:00:00,16242,29.9,,,dwutlenek azotu
2024-11-28 19:00:00,16242,38.5,,,dwutlenek azotu
2024-11-28 18:00:00,16242,40.8,,,dwutlenek azotu
2024-11-28 17:00:00,16242,35.9,,,dwutlenek azotu
2024-11-28 16:00:00,16242,34.0,,,dwutlenek azotu
2024-11-28 15:00:00,16242,29.4,,,dwutlenek azotu
2024-11-28 14:00:00,16242,27.4,,,dwutlenek azotu
2024-11-28 13:00:00,16242,25.8,,,dwutlenek azotu
2024-11-28 12:00:00,16242,22.7,,,dwutlenek azotu
2024-11-28 11:00:00,16242,25.0,,,dwutlenek azotu
2024-11-28 10:00:00,16242,32.7,,,dwutlenek azotu
2024-11-28 09:00:00,16242,28.5,,,dwutlenek azotu
2024-11-28 08:00:00,16242,29.7,,,dwutlenek azotu
2024-11-28 07:00:00,16242,19.0,,,dwutlenek azotu
2024-11-28 06:00:00,16242,17.0,,,dwutlenek azotu
2024-11-28 05:00:00,16242,15.0,,,dwutlenek azotu
2024-11-28 04:00:00,16242,15.4,,,dwutlenek azotu
2024-11-28 03:00:00,16242,11.1,,,dwutlenek azotu
2024-11-28 02:00:00,16242,7.1,,,dwutlenek azotu
2024-11-28 01:00:00,16242,8.9,,,dwutlenek azotu
2024-11-28 00:00:00,16242,10.7,,,dwutlenek azotu
2024-11-27 23:00:00,16242,5.9,,,dwutlenek azotu
2024-11-27 22:00:00,16242,12.5,,,dwutlenek azotu
2024-11-27 21:00:00,16242,19.4,,,dwutlenek azotu
2024-11-27 20:00:00,16242,30.7,,,dwutlenek azotu
2024-11-27 19:00:00,16242,31.2,,,dwutlenek azotu
2024-11-27 18:00:00,16242,19.6,,,dwutlenek azotu
2024-11-27 17:00:00,16242,23.8,,,dwutlenek azotu
2024-11-27 16:00:00,16242,21.4,,,dwutlenek azotu
2024-11-27 15:00:00,16242,13.2,,,dwutlenek azotu
2024-11-27 14:00:00,16242,7.7,,,dwutlenek azotu
2024-11-27 13:00:00,16242,7.5,,,dwutlenek azotu
2024-11-27 12:00:00,16242,7.6,,,dwutlenek azotu
2024-11-27 11:00:00,16242,8.2,,,dwutlenek azotu
2024-11-27 10:00:00,16242,11.1,,,dwutlenek azotu
2024-11-27 09:00:00,16242,18.9,,,dwutlenek azotu
2024-11-27 08:00:00,16242,18.6,,,dwutlenek azotu
2024-11-27 07:00:00,16242,11.4,,,dwutlenek azotu
2024-11-27 06:00:00,16242,6.4,,,dwutlenek azotu
2024-11-27 05:00:00,16242,4.4,,,dwutlenek azotu
2024-11-27 04:00:00,16242,4.3,,,dwutlenek azotu
2024-11-27 03:00:00,16242,4.5,,,dwutlenek azotu
2024-11-27 02:00:00,16242,5.8,,,dwutlenek azotu
2024-11-27 01:00:00,16242,11.2,,,dwutlenek azotu
2024-11-27 00:00:00,16242,25.0,,,dwutlenek azotu
2024-11-26 23:00:00,16242,27.0,,,dwutlenek azotu
2024-11-26 22:00:00,16242,27.6,,,dwutlenek azotu
2024-11-26 21:00:00,16242,35.3,,,dwutlenek azotu
2024-11-26 20:00:00,16242,37.4,,,dwutlenek azotu
2024-11-26 19:00:00,16242,20.5,,,dwutlenek azotu
2024-11-26 18:00:00,16242,23.8,,,dwutlenek azotu
2024-11-26 17:00:00,16242,28.6,,,dwutlenek azotu
2024-11-26 16:00:00,16242,20.3,,,dwutlenek azotu
2024-11-26 15:00:00,16242,16.9,,,dwutlenek azotu
2024-11-26 14:00:00,16242,12.6,,,dwutlenek azotu
2024-11-26 13:00:00,16242,22.2,,,dwutlenek azotu
2024-11-26 12:00:00,16242,36.6,,,dwutlenek azotu
2024-11-26 11:00:00,16242,33.7,,,dwutlenek azotu
2024-11-26 10:00:00,16242,34.2,,,dwutlenek azotu
2024-11-26 09:00:00,16242,26.1,,,dwutlenek azotu
2024-11-26 08:00:00,16242,18.0,,,dwutlenek azotu
2024-11-26 07:00:00,16242,13.1,,,dwutlenek azotu
2024-11-26 06:00:00,16242,10.1,,,dwutlenek azotu
2024-11-26 05:00:00,16242,9.2,,,dwutlenek azotu
2024-11-26 04:00:00,16242,9.0,,,dwutlenek azotu
2024-11-26 03:00:00,16242,7.5,,,dwutlenek azotu
2024-11-26 02:00:00,16242,8.0,,,dwutlenek azotu
2024-11-26 01:00:00,16242,8.6,,,dwutlenek azotu
2024-11-26 00:00:00,16242,9.7,,,dwutlenek azotu
2024-11-28 20:00:00,16242,29.7,,,pył zawieszony PM10
2024-11-28 19:00:00,16242,33.9,,,pył zawieszony PM10
2024-11-28 18:00:00,16242,35.3,,,pył zawieszony PM10
2024-11-28 17:00:00,16242,34.0,,,pył zawieszony PM10
2024-11-28 16:00:00,16242,36.7,,,pył zawieszony PM10
2024-11-28 15:00:00,16242,35.2,,,pył zawieszony PM10
2024-11-28 14:00:00,16242,33.2,,,pył zawieszony PM10
2024-11-28 13:00:00,16242,31.9,,,pył zawieszony PM10
2024-11-28 12:00:00,16242,28.2,,,pył zawieszony PM10
2024-11-28 11:00:00,16242,27.9,,,pył zawieszony PM10
2024-11-28 10:00:00,16242,33.1,,,pył zawieszony PM10
2024-11-28 09:00:00,16242,35.1,,,pył zawieszony PM10
2024-11-28 08:00:00,16242,33.3,,,pył zawieszony PM10
2024-11-28 07:00:00,16242,25.7,,,pył zawieszony PM10
2024-11-28 06:00:00,16242,25.1,,,pył zawieszony PM10
2024-11-28 05:00:00,16242,25.1,,,pył zawieszony PM10
2024-11-28 04:00:00,16242,26.1,,,pył zawieszony PM10
2024-11-28 03:00:00,16242,26.6,,,pył zawieszony PM10
2024-11-28 02:00:00,16242,25.7,,,pył zawieszony PM10
2024-11-28 01:00:00,16242,26.5,,,pył zawieszony PM10
2024-11-28 00:00:00,16242,20.6,,,pył zawieszony PM10
2024-11-27 23:00:00,16242,16.6,,,pył zawieszony PM10
2024-11-27 22:00:00,16242,17.7,,,pył zawieszony PM10
2024-11-27 21:00:00,16242,19.5,,,pył zawieszony PM10
2024-11-27 20:00:00,16242,20.9,,,pył zawieszony PM10
2024-11-27 19:00:00,16242,18.9,,,pył zawieszony PM10
2024-11-27 18:00:00,16242,19.6,,,pył zawieszony PM10
2024-11-27 17:00:00,16242,22.0,,,pył zawieszony PM10
2024-11-27 16:00:00,16242,19.1,,,pył zawieszony PM10
2024-11-27 15:00:00,16242,17.9,,,pył zawieszony PM10
2024-11-27 14:00:00,16242,15.8,,,pył zawieszony PM10
2024-11-27 13:00:00,16242,15.3,,,pył zawieszony PM10
2024-11-27 12:00:00,16242,15.9,,,pył zawieszony PM10
2024-11-27 11:00:00,16242,14.4,,,pył zawieszony PM10
2024-11-27 10:00:00,16242,15.0,,,pył zawieszony PM10
2024-11-27 09:00:00,16242,15.5,,,pył zawieszony PM10
2024-11-27 08:00:00,16242,14.1,,,pył zawieszony PM10
2024-11-27 07:00:00,16242,14.0,,,pył zawieszony PM10
2024-11-27 06:00:00,16242,14.3,,,pył zawieszony PM10
2024-11-27 05:00:00,16242,14.0,,,pył zawieszony PM10
2024-11-27 04:00:00,16242,13.8,,,pył zawieszony PM10
2024-11-27 03:00:00,16242,14.4,,,pył zawieszony PM10
2024-11-27 02:00:00,16242,15.6,,,pył zawieszony PM10
2024-11-27 01:00:00,16242,20.5,,,pył zawieszony PM10
2024-11-27 00:00:00,16242,27.1,,,pył zawieszony PM10
2024-11-26 23:00:00,16242,26.7,,,pył zawieszony PM10
2024-11-26 22:00:00,16242,26.6,,,pył zawieszony PM10
2024-11-26 21:00:00,16242,34.3,,,pył zawieszony PM10
2024-11-26 20:00:00,16242,26.2,,,pył zawieszony PM10
2024-11-26 19:00:00,16242,19.4,,,pył zawieszony PM10
2024-11-26 18:00:00,16242,22.1,,,pył zawieszony PM10
2024-11-26 17:00:00,16242,18.9,,,pył zawieszony PM10
2024-11-26 16:00:00,16242,20.0,,,pył zawieszony PM10
2024-11-26 15:00:00,16242,18.0,,,pył zawieszony PM10
2024-11-26 14:00:00,16242,15.6,,,pył zawieszony PM10
2024-11-26 13:00:00,16242,18.3,,,pył zawieszony PM10
2024-11-26 12:00:00,16242,25.2,,,pył zawieszony PM10
2024-11-26 11:00:00,16242,26.1,,,pył zawieszony PM10
2024-11-26 10:00:00,16242,22.8,,,pył zawieszony PM10
2024-11-26 09:00:00,16242,21.6,,,pył zawieszony PM10
2024-11-26 08:00:00,16242,19.5,,,pył zawieszony PM10
2024-11-26 07:00:00,16242,20.0,,,pył zawieszony PM10
2024-11-26 06:00:00,16242,20.2,,,pył zawieszony PM10
2024-11-26 05:00:00,16242,20.7,,,pył zawieszony PM10
2024-11-26 04:00:00,16242,20.0,,,pył zawieszony PM10
2024-11-26 03:00:00,16242,19.0,,,pył zawieszony PM10
2024-11-26 02:00:00,16242,18.6,,,pył zawieszony PM10
2024-11-26 01:00:00,16242,19.1,,,pył zawieszony PM10
2024-11-26 00:00:00,16242,18.3,,,pył zawieszony PM10
2024-11-28 20:00:00,16242,27.5,,,pył zawieszony PM2.5
2024-11-28 19:00:00,16242,31.9,,,pył zawieszony PM2.5
2024-11-28 18:00:00,16242,31.5,,,pył zawieszony PM2.5
2024-11-28 17:00:00,16242,30.1,,,pył zawieszony PM2.5
2024-11-28 16:00:00,16242,30.7,,,pył zawieszony PM2.5
2024-11-28 15:00:00,16242,30.2,,,pył zawieszony PM2.5
2024-11-28 14:00:00,16242,28.8,,,pył zawieszony PM2.5
2024-11-28 13:00:00,16242,28.0,,,pył zawieszony PM2.5
2024-11-28 12:00:00,16242,26.6,,,pył zawieszony PM2.5
2024-11-28 11:00:00,16242,26.8,,,pył zawieszony PM2.5
2024-11-28 10:00:00,16242,31.8,,,pył zawieszony PM2.5
2024-11-28 09:00:00,16242,34.2,,,pył zawieszony PM2.5
2024-11-28 08:00:00,16242,31.9,,,pył zawieszony PM2.5
2024-11-28 07:00:00,16242,24.6,,,pył zawieszony PM2.5
2024-11-28 06:00:00,16242,23.7,,,pył zawieszony PM2.5
2024-11-28 05:00:00,16242,23.5,,,pył zawieszony PM2.5
2024-11-28 04:00:00,16242,23.6,,,pył zawieszony PM2.5
2024-11-28 03:00:00,16242,23.7,,,pył zawieszony PM2.5
2024-11-28 02:00:00,16242,24.2,,,pył zawieszony PM2.5
2024-11-28 01:00:00,16242,24.8,,,pył zawieszony PM2.5
2024-11-28 00:00:00,16242,19.1,,,pył zawieszony PM2.5
2024-11-27 23:00:00,16242,15.6,,,pył zawieszony PM2.5
2024-11-27 22:00:00,16242,15.9,,,pył zawieszony PM2.5
2024-11-27 21:00:00,16242,17.2,,,pył zawieszony PM2.5
2024-11-27 20:00:00,16242,17.4,,,pył zawieszony PM2.5
2024-11-27 19:00:00,16242,15.1,,,pył zawieszony PM2.5
2024-11-27 18:00:00,16242,17.4,,,pył zawieszony PM2.5
2024-11-27 17:00:00,16242,18.7,,,pył zawieszony PM2.5
2024-11-27 16:00:00,16242,17.0,,,pył zawieszony PM2.5
2024-11-27 15:00:00,16242,15.9,,,pył zawieszony PM2.5
2024-11-27 14:00:00,16242,14.6,,,pył zawieszony PM2.5
2024-11-27 13:00:00,16242,14.6,,,pył zawieszony PM2.5
2024-11-27 12:00:00,16242,15.2,,,pył zawieszony PM2.5
2024-11-27 11:00:00,16242,13.8,,,pył zawieszony PM2.5
2024-11-27 10:00:00,16242,14.0,,,pył zawieszony PM2.5
2024-11-27 09:00:00,16242,14.8,,,pył zawieszony PM2.5
2024-11-27 08:00:00,16242,13.5,,,pył zawieszony PM2.5
2024-11-27 07:00:00,16242,13.5,,,pył zawieszony PM2.5
2024-11-27 06:00:00,16242,13.8,,,pył zawieszony PM2.5
2024-11-27 05:00:00,16242,13.8,,,pył zawieszony PM2.5
2024-11-27 04:00:00,16242,13.3,,,pył zawieszony PM2.5
2024-11-27 03:00:00,16242,13.8,,,pył zawieszony PM2.5
2024-11-27 02:00:00,16242,14.8,,,pył zawieszony PM2.5
2024-11-27 01:00:00,16242,19.2,,,pył zawieszony PM2.5
2024-11-27 00:00:00,16242,25.7,,,pył zawieszony PM2.5
2024-11-26 23:00:00,16242,24.7,,,pył zawieszony PM2.5
2024-11-26 22:00:00,16242,23.5,,,pył zawieszony PM2.5
2024-11-26 21:00:00,16242,29.6,,,pył zawieszony PM2.5
2024-11-26 20:00:00,16242,23.4,,,pył zawieszony PM2.5
2024-11-26 19:00:00,16242,17.1,,,pył zawieszony PM2.5
2024-11-26 18:00:00,16242,19.3,,,pył zawieszony PM2.5
2024-11-26 17:00:00,16242,16.5,,,pył zawieszony PM2.5
2024-11-26 16:00:00,16242,16.6,,,pył zawieszony PM2.5
2024-11-26 15:00:00,16242,14.4,,,pył zawieszony PM2.5
2024-11-26 14:00:00,16242,12.7,,,pył zawieszony PM2.5
2024-11-26 13:00:00,16242,15.0,,,pył zawieszony PM2.5
2024-11-26 12:00:00,16242,20.5,,,pył zawieszony PM2.5
2024-11-26 11:00:00,16242,21.0,,,pył zawieszony PM2.5
2024-11-26 10:00:00,16242,18.7,,,pył zawieszony PM2.5
2024-11-26 09:00:00,16242,18.1,,,pył zawieszony PM2.5
2024-11-26 08:00:00,16242,17.1,,,pył zawieszony PM2.5
2024-11-26 07:00:00,16242,17.6,,,pył zawieszony PM2.5
2024-11-26 06:00:00,16242,17.8,,,pył zawieszony PM2.5
2024-11-26 05:00:00,16242,17.5,,,pył zawieszony PM2.5
2024-11-26 04:00:00,16242,16.8,,,pył zawieszony PM2.5
2024-11-26 03:00:00,16242,15.7,,,pył zawieszony PM2.5
2024-11-26 02:00:00,16242,15.3,,,pył zawieszony PM2.5
2024-11-26 01:00:00,16242,15.5,,,pył zawieszony PM2.5
2024-11-26 00:00:00,16242,14.7,,,pył zawieszony PM2.5
